{
	"info": {
		"_postman_id": "b40d6658-0e53-4388-97a4-90e53c5c86a0",
		"name": "CashBox",
		"schema": "https://schema.getpostman.com/json/collection/v2.1.0/collection.json",
		"_exporter_id": "43533224",
		"_collection_link": "https://mohammedbashamkha.postman.co/workspace/Mohammed-Bashamkha's-Workspace~a1d49e15-d138-4607-8678-891f49af4441/collection/43533224-b40d6658-0e53-4388-97a4-90e53c5c86a0?action=share&source=collection_link&creator=43533224"
	},
	"item": [
		{
			"name": "add cashbox",
			"request": {
				"auth": {
					"type": "bearer",
					"bearer": [
						{
							"key": "token",
							"value": "{{token}}",
							"type": "string"
						}
					]
				},
				"method": "POST",
				"header": [
					{
						"key": "Accept",
						"value": "application/json",
						"type": "text"
					}
				],
				"url": {
					"raw": "{{url}}/cashbox?balance=900000",
					"host": [
						"{{url}}"
					],
					"path": [
						"cashbox"
					],
					"query": [
						{
							"key": "balance",
							"value": "900000"
						}
					]
				}
			},
			"response": []
		},
		{
			"name": "edit cashbox",
			"request": {
				"auth": {
					"type": "bearer",
					"bearer": [
						{
							"key": "token",
							"value": "{{token}}",
							"type": "string"
						}
					]
				},
				"method": "PUT",
				"header": [
					{
						"key": "Accept",
						"value": "application/json",
						"type": "text"
					}
				],
				"url": {
					"raw": "{{url}}/cashbox-update/?balance=950000",
					"host": [
						"{{url}}"
					],
					"path": [
						"cashbox-update",
						""
					],
					"query": [
						{
							"key": "balance",
							"value": "950000"
						}
					]
				}
			},
			"response": []
		},
		{
			"name": "get cashbox",
			"request": {
				"auth": {
					"type": "bearer",
					"bearer": [
						{
							"key": "token",
							"value": "{{token}}",
							"type": "string"
						}
					]
				},
				"method": "GET",
				"header": [
					{
						"key": "Accept",
						"value": "application/json",
						"type": "text"
					}
				],
				"url": {
					"raw": "{{url}}/cashbox",
					"host": [
						"{{url}}"
					],
					"path": [
						"cashbox"
					]
				}
			},
			"response": []
		}
	]
}