{
	"info": {
		"_postman_id": "9a5566ae-0737-4512-a2f9-3eead3caa337",
		"name": "Entities",
		"schema": "https://schema.getpostman.com/json/collection/v2.1.0/collection.json",
		"_exporter_id": "43533224",
		"_collection_link": "https://mohammedbashamkha.postman.co/workspace/Mohammed-Bashamkha's-Workspace~a1d49e15-d138-4607-8678-891f49af4441/collection/43533224-9a5566ae-0737-4512-a2f9-3eead3caa337?action=share&source=collection_link&creator=43533224"
	},
	"item": [
		{
			"name": "Add Entity",
			"request": {
				"auth": {
					"type": "bearer",
					"bearer": [
						{
							"key": "token",
							"value": "{{token}}",
							"type": "string"
						}
					]
				},
				"method": "POST",
				"header": [
					{
						"key": "Accept",
						"value": "application/json",
						"type": "text"
					}
				],
				"url": {
					"raw": "{{url}}/entities?name=Mohammed Abdo Saeed&type=worker&phone=777666217&notes=on",
					"host": [
						"{{url}}"
					],
					"path": [
						"entities"
					],
					"query": [
						{
							"key": "name",
							"value": "Mohammed Abdo Saeed"
						},
						{
							"key": "type",
							"value": "worker"
						},
						{
							"key": "phone",
							"value": "777666217"
						},
						{
							"key": "notes",
							"value": "on"
						}
					]
				}
			},
			"response": []
		},
		{
			"name": "Get Entites",
			"request": {
				"auth": {
					"type": "bearer",
					"bearer": [
						{
							"key": "token",
							"value": "{{token}}",
							"type": "string"
						}
					]
				},
				"method": "GET",
				"header": [
					{
						"key": "Accept",
						"value": "application/json",
						"type": "text"
					}
				],
				"url": {
					"raw": "{{url}}/entities",
					"host": [
						"{{url}}"
					],
					"path": [
						"entities"
					]
				}
			},
			"response": []
		},
		{
			"name": "Edit Entity",
			"request": {
				"auth": {
					"type": "bearer",
					"bearer": [
						{
							"key": "token",
							"value": "{{token}}",
							"type": "string"
						}
					]
				},
				"method": "PUT",
				"header": [
					{
						"key": "Accept",
						"value": "application/json",
						"type": "text"
					}
				],
				"url": {
					"raw": "{{url}}/entities/1?name=Omer Ali Noobee&type=worker&phone=777304588",
					"host": [
						"{{url}}"
					],
					"path": [
						"entities",
						"1"
					],
					"query": [
						{
							"key": "name",
							"value": "Omer Ali Noobee"
						},
						{
							"key": "type",
							"value": "worker"
						},
						{
							"key": "phone",
							"value": "777304588"
						}
					]
				}
			},
			"response": []
		},
		{
			"name": "Show Entity",
			"request": {
				"auth": {
					"type": "bearer",
					"bearer": [
						{
							"key": "token",
							"value": "{{token}}",
							"type": "string"
						}
					]
				},
				"method": "GET",
				"header": [
					{
						"key": "Accept",
						"value": "application/json",
						"type": "text"
					}
				],
				"url": {
					"raw": "{{url}}/entities/2",
					"host": [
						"{{url}}"
					],
					"path": [
						"entities",
						"2"
					]
				}
			},
			"response": []
		},
		{
			"name": "Delete Entity",
			"request": {
				"auth": {
					"type": "bearer",
					"bearer": [
						{
							"key": "token",
							"value": "{{token}}",
							"type": "string"
						}
					]
				},
				"method": "DELETE",
				"header": [
					{
						"key": "Accept",
						"value": "application/json",
						"type": "text"
					}
				],
				"url": {
					"raw": "{{url}}/entities/2",
					"host": [
						"{{url}}"
					],
					"path": [
						"entities",
						"2"
					]
				}
			},
			"response": []
		},
		{
			"name": "get-projects",
			"request": {
				"auth": {
					"type": "bearer",
					"bearer": [
						{
							"key": "token",
							"value": "{{token}}",
							"type": "string"
						}
					]
				},
				"method": "GET",
				"header": [
					{
						"key": "Accept",
						"value": "application/json",
						"type": "text"
					}
				],
				"url": {
					"raw": "{{url}}/get-projects",
					"host": [
						"{{url}}"
					],
					"path": [
						"get-projects"
					]
				}
			},
			"response": []
		},
		{
			"name": "get-workers",
			"request": {
				"auth": {
					"type": "bearer",
					"bearer": [
						{
							"key": "token",
							"value": "{{token}}",
							"type": "string"
						}
					]
				},
				"method": "GET",
				"header": [
					{
						"key": "Accept",
						"value": "application/json",
						"type": "text"
					}
				],
				"url": {
					"raw": "{{url}}/get-workers",
					"host": [
						"{{url}}"
					],
					"path": [
						"get-workers"
					],
					"query": [
						{
							"key": "",
							"value": null,
							"disabled": true
						}
					]
				}
			},
			"response": []
		},
		{
			"name": "entities-search",
			"request": {
				"auth": {
					"type": "bearer",
					"bearer": [
						{
							"key": "token",
							"value": "{{token}}",
							"type": "string"
						}
					]
				},
				"method": "GET",
				"header": [
					{
						"key": "Accept",
						"value": "application/josn",
						"type": "text"
					}
				],
				"url": {
					"raw": "{{url}}/entities/search",
					"host": [
						"{{url}}"
					],
					"path": [
						"entities",
						"search"
					]
				}
			},
			"response": []
		},
		{
			"name": "entity-statment",
			"request": {
				"auth": {
					"type": "bearer",
					"bearer": [
						{
							"key": "token",
							"value": "{{token}}",
							"type": "string"
						}
					]
				},
				"method": "GET",
				"header": [
					{
						"key": "Accept",
						"value": "application/json",
						"type": "text"
					}
				],
				"url": {
					"raw": "{{url}}/entity-statment",
					"host": [
						"{{url}}"
					],
					"path": [
						"entity-statment"
					]
				}
			},
			"response": []
		}
	]
}