{
	"info": {
		"_postman_id": "5686ee62-dad0-4528-8443-e45b52c9c05f",
		"name": "Jourbal Entry",
		"schema": "https://schema.getpostman.com/json/collection/v2.1.0/collection.json",
		"_exporter_id": "43533224",
		"_collection_link": "https://mohammedbashamkha.postman.co/workspace/Mohammed-Bashamkha's-Workspace~a1d49e15-d138-4607-8678-891f49af4441/collection/43533224-5686ee62-dad0-4528-8443-e45b52c9c05f?action=share&source=collection_link&creator=43533224"
	},
	"item": [
		{
			"name": "Get journal-entries",
			"request": {
				"auth": {
					"type": "bearer",
					"bearer": [
						{
							"key": "token",
							"value": "{{token}}",
							"type": "string"
						}
					]
				},
				"method": "GET",
				"header": [
					{
						"key": "Accept",
						"value": "application/json",
						"type": "text"
					}
				],
				"url": {
					"raw": "{{url}}/journal-entries",
					"host": [
						"{{url}}"
					],
					"path": [
						"journal-entries"
					]
				}
			},
			"response": []
		},
		{
			"name": "Add Journal-entry",
			"request": {
				"auth": {
					"type": "bearer",
					"bearer": [
						{
							"key": "token",
							"value": "{{token}}",
							"type": "string"
						}
					]
				},
				"method": "POST",
				"header": [
					{
						"key": "Accept",
						"value": "application/json",
						"type": "text"
					}
				],
				"body": {
					"mode": "formdata",
					"formdata": [
						{
							"key": "date",
							"value": "",
							"type": "text",
							"disabled": true
						},
						{
							"key": "amount",
							"value": "",
							"type": "text",
							"disabled": true
						},
						{
							"key": "description",
							"value": "",
							"type": "text",
							"disabled": true
						},
						{
							"key": "debit_entity_id",
							"value": "",
							"type": "text",
							"disabled": true
						},
						{
							"key": "credit_entity_id",
							"value": "",
							"type": "text",
							"disabled": true
						}
					]
				},
				"url": {
					"raw": "{{url}}/journal-entries?date=2025-11-13&amount=10000&description=buy in&debit_entity_id=1&credit_entity_id=2",
					"host": [
						"{{url}}"
					],
					"path": [
						"journal-entries"
					],
					"query": [
						{
							"key": "date",
							"value": "2025-11-13"
						},
						{
							"key": "amount",
							"value": "10000"
						},
						{
							"key": "description",
							"value": "buy in"
						},
						{
							"key": "debit_entity_id",
							"value": "1"
						},
						{
							"key": "credit_entity_id",
							"value": "2"
						}
					]
				}
			},
			"response": []
		},
		{
			"name": "Edit Journal-entry",
			"request": {
				"auth": {
					"type": "bearer",
					"bearer": [
						{
							"key": "token",
							"value": "{{token}}",
							"type": "string"
						}
					]
				},
				"method": "PUT",
				"header": [
					{
						"key": "Accept",
						"value": "application/json",
						"type": "text"
					}
				],
				"body": {
					"mode": "formdata",
					"formdata": [
						{
							"key": "date",
							"value": "",
							"type": "text",
							"disabled": true
						},
						{
							"key": "amount",
							"value": "",
							"type": "text",
							"disabled": true
						},
						{
							"key": "description",
							"value": "",
							"type": "text",
							"disabled": true
						},
						{
							"key": "debit_entity_id",
							"value": "",
							"type": "text",
							"disabled": true
						},
						{
							"key": "credit_entity_id",
							"value": "",
							"type": "text",
							"disabled": true
						}
					]
				},
				"url": {
					"raw": "{{url}}/journal-entries?date=2025-11-20&amount=10000&description=buy in now&debit_entity_id=1&credit_entity_id=2",
					"host": [
						"{{url}}"
					],
					"path": [
						"journal-entries"
					],
					"query": [
						{
							"key": "date",
							"value": "2025-11-20"
						},
						{
							"key": "amount",
							"value": "10000"
						},
						{
							"key": "description",
							"value": "buy in now"
						},
						{
							"key": "debit_entity_id",
							"value": "1"
						},
						{
							"key": "credit_entity_id",
							"value": "2"
						}
					]
				}
			},
			"response": []
		},
		{
			"name": "Show Journal-entry",
			"request": {
				"auth": {
					"type": "bearer",
					"bearer": [
						{
							"key": "token",
							"value": "{{token}}",
							"type": "string"
						}
					]
				},
				"method": "GET",
				"header": [
					{
						"key": "Accept",
						"value": "application/json",
						"type": "text"
					}
				],
				"url": {
					"raw": "{{url}}/journal-entries/1",
					"host": [
						"{{url}}"
					],
					"path": [
						"journal-entries",
						"1"
					]
				}
			},
			"response": []
		},
		{
			"name": "Search Journal-entry",
			"request": {
				"auth": {
					"type": "bearer",
					"bearer": [
						{
							"key": "token",
							"value": "{{token}}",
							"type": "string"
						}
					]
				},
				"method": "GET",
				"header": [
					{
						"key": "Accept",
						"value": "application/json",
						"type": "text"
					}
				],
				"url": {
					"raw": "{{url}}/journal-entries/search?keyword=2025",
					"host": [
						"{{url}}"
					],
					"path": [
						"journal-entries",
						"search"
					],
					"query": [
						{
							"key": "keyword",
							"value": "2025"
						}
					]
				}
			},
			"response": []
		},
		{
			"name": "Delete Journal-entry",
			"request": {
				"auth": {
					"type": "bearer",
					"bearer": [
						{
							"key": "token",
							"value": "{{token}}",
							"type": "string"
						}
					]
				},
				"method": "DELETE",
				"header": [
					{
						"key": "Accept",
						"value": "application/json",
						"type": "text"
					}
				],
				"url": {
					"raw": "{{url}}/journal-entries/1",
					"host": [
						"{{url}}"
					],
					"path": [
						"journal-entries",
						"1"
					]
				}
			},
			"response": []
		}
	]
}