{
	"info": {
		"_postman_id": "b4c19084-108b-4510-b8b0-ebdd5899ded6",
		"name": "Revenues Expenses",
		"schema": "https://schema.getpostman.com/json/collection/v2.1.0/collection.json",
		"_exporter_id": "43533224",
		"_collection_link": "https://mohammedbashamkha.postman.co/workspace/Mohammed-Bashamkha's-Workspace~a1d49e15-d138-4607-8678-891f49af4441/collection/43533224-b4c19084-108b-4510-b8b0-ebdd5899ded6?action=share&source=collection_link&creator=43533224"
	},
	"item": [
		{
			"name": "Get Revenues Expenses",
			"request": {
				"auth": {
					"type": "bearer",
					"bearer": [
						{
							"key": "token",
							"value": "{{token}}",
							"type": "string"
						}
					]
				},
				"method": "GET",
				"header": [
					{
						"key": "Accept",
						"value": "application/json",
						"type": "text"
					}
				],
				"url": {
					"raw": "{{url}}/api/revenues-expenses",
					"host": [
						"{{url}}"
					],
					"path": [
						"api",
						"revenues-expenses"
					]
				}
			},
			"response": []
		},
		{
			"name": "Add Revenues-Expenses",
			"request": {
				"auth": {
					"type": "bearer",
					"bearer": [
						{
							"key": "token",
							"value": "{{token}}",
							"type": "string"
						}
					]
				},
				"method": "POST",
				"header": [
					{
						"key": "Accept",
						"value": "application/json",
						"type": "text"
					}
				],
				"url": {
					"raw": "{{url}}/revenues-expenses?type=income&date=2025/10/30&amount=20000&description=sale led&entity_id=2",
					"host": [
						"{{url}}"
					],
					"path": [
						"revenues-expenses"
					],
					"query": [
						{
							"key": "type",
							"value": "income"
						},
						{
							"key": "date",
							"value": "2025/10/30"
						},
						{
							"key": "amount",
							"value": "20000"
						},
						{
							"key": "description",
							"value": "sale led"
						},
						{
							"key": "entity_id",
							"value": "2"
						},
						{
							"key": "",
							"value": "",
							"disabled": true
						}
					]
				}
			},
			"response": []
		},
		{
			"name": "Edit Revenues-Expenses",
			"request": {
				"auth": {
					"type": "bearer",
					"bearer": [
						{
							"key": "token",
							"value": "{{token}}",
							"type": "string"
						}
					]
				},
				"method": "PUT",
				"header": [
					{
						"key": "Accept",
						"value": "application/json",
						"type": "text"
					}
				],
				"url": {
					"raw": "{{url}}/revenues-expenses/1/?type=income&date=2025/10/30&amount=1000000&description=Sale The Red Car&entity_id=2",
					"host": [
						"{{url}}"
					],
					"path": [
						"revenues-expenses",
						"1",
						""
					],
					"query": [
						{
							"key": "type",
							"value": "income"
						},
						{
							"key": "date",
							"value": "2025/10/30"
						},
						{
							"key": "amount",
							"value": "1000000"
						},
						{
							"key": "description",
							"value": "Sale The Red Car"
						},
						{
							"key": "entity_id",
							"value": "2"
						}
					]
				}
			},
			"response": []
		},
		{
			"name": "Show Revenues-Expenses",
			"request": {
				"auth": {
					"type": "bearer",
					"bearer": [
						{
							"key": "token",
							"value": "{{token}}",
							"type": "string"
						}
					]
				},
				"method": "GET",
				"header": [
					{
						"key": "Accept",
						"value": "application/json",
						"type": "text"
					},
					{
						"key": "",
						"value": "",
						"type": "text",
						"disabled": true
					}
				],
				"url": {
					"raw": "{{url}}/revenues-expenses/1",
					"host": [
						"{{url}}"
					],
					"path": [
						"revenues-expenses",
						"1"
					]
				}
			},
			"response": []
		},
		{
			"name": "Delete Revenues-Expenses",
			"request": {
				"auth": {
					"type": "bearer",
					"bearer": [
						{
							"key": "token",
							"value": "{{token}}",
							"type": "string"
						}
					]
				},
				"method": "DELETE",
				"header": [],
				"url": {
					"raw": "{{url}}/revenues-expenses/1",
					"host": [
						"{{url}}"
					],
					"path": [
						"revenues-expenses",
						"1"
					]
				}
			},
			"response": []
		},
		{
			"name": "get-incomes",
			"request": {
				"auth": {
					"type": "bearer",
					"bearer": [
						{
							"key": "token",
							"value": "{{token}}",
							"type": "string"
						}
					]
				},
				"method": "GET",
				"header": [
					{
						"key": "Accept",
						"value": "application/json",
						"type": "text"
					}
				],
				"url": {
					"raw": "{{url}}/get-incomes",
					"host": [
						"{{url}}"
					],
					"path": [
						"get-incomes"
					]
				}
			},
			"response": []
		},
		{
			"name": "get-expenses",
			"request": {
				"method": "GET",
				"header": []
			},
			"response": []
		},
		{
			"name": "revenues-expenses-search",
			"request": {
				"auth": {
					"type": "bearer",
					"bearer": [
						{
							"key": "token",
							"value": "{{token}}",
							"type": "string"
						}
					]
				},
				"method": "GET",
				"header": [
					{
						"key": "Accept",
						"value": "application/json",
						"type": "text"
					}
				],
				"url": {
					"raw": "{{url}}/revenues-expenses/search?keyword=sale",
					"host": [
						"{{url}}"
					],
					"path": [
						"revenues-expenses",
						"search"
					],
					"query": [
						{
							"key": "keyword",
							"value": "sale"
						}
					]
				}
			},
			"response": []
		},
		{
			"name": "income-search",
			"request": {
				"method": "GET",
				"header": []
			},
			"response": []
		},
		{
			"name": "expense-search",
			"request": {
				"auth": {
					"type": "bearer",
					"bearer": [
						{
							"key": "token",
							"value": "{{token}}",
							"type": "string"
						}
					]
				},
				"method": "GET",
				"header": [
					{
						"key": "Accept",
						"value": "application/json",
						"type": "text"
					}
				],
				"url": {
					"raw": "{{url}}/expense/search",
					"host": [
						"{{url}}"
					],
					"path": [
						"expense",
						"search"
					]
				}
			},
			"response": []
		}
	],
	"variable": [
		{
			"key": "daily-cash",
			"value": "",
			"type": "default"
		}
	]
}