{
	"info": {
		"_postman_id": "834f765f-d331-448a-b763-c835625ed02a",
		"name": "Users",
		"schema": "https://schema.getpostman.com/json/collection/v2.1.0/collection.json",
		"_exporter_id": "43533224",
		"_collection_link": "https://mohammedbashamkha.postman.co/workspace/Mohammed-Bashamkha's-Workspace~a1d49e15-d138-4607-8678-891f49af4441/collection/43533224-834f765f-d331-448a-b763-c835625ed02a?action=share&source=collection_link&creator=43533224"
	},
	"item": [
		{
			"name": "register",
			"request": {
				"method": "POST",
				"header": [
					{
						"key": "Accept",
						"value": "application/json",
						"type": "text"
					}
				],
				"url": {
					"raw": "{{url}}/register?name=mohammed faiz&email=mb877402@gmail.com&password=mm777208317",
					"host": [
						"{{url}}"
					],
					"path": [
						"register"
					],
					"query": [
						{
							"key": "name",
							"value": "mohammed faiz"
						},
						{
							"key": "email",
							"value": "mb877402@gmail.com"
						},
						{
							"key": "password",
							"value": "mm777208317"
						}
					]
				}
			},
			"response": []
		},
		{
			"name": "login",
			"request": {
				"method": "POST",
				"header": [
					{
						"key": "Accept",
						"value": "application/json",
						"type": "text"
					}
				],
				"url": {
					"raw": "{{url}}/login?email=mb877402@gmail.com&password=mm777208317",
					"host": [
						"{{url}}"
					],
					"path": [
						"login"
					],
					"query": [
						{
							"key": "email",
							"value": "mb877402@gmail.com"
						},
						{
							"key": "password",
							"value": "mm777208317"
						}
					]
				}
			},
			"response": []
		},
		{
			"name": "logout",
			"request": {
				"auth": {
					"type": "bearer",
					"bearer": [
						{
							"key": "token",
							"value": "{{token}}",
							"type": "string"
						}
					]
				},
				"method": "POST",
				"header": [
					{
						"key": "Accept",
						"value": "application/json",
						"type": "text"
					}
				],
				"url": {
					"raw": "{{url}}/logout",
					"host": [
						"{{url}}"
					],
					"path": [
						"logout"
					]
				}
			},
			"response": []
		},
		{
			"name": "Delete My Account",
			"request": {
				"auth": {
					"type": "bearer",
					"bearer": [
						{
							"key": "token",
							"value": "{{token}}",
							"type": "string"
						}
					]
				},
				"method": "POST",
				"header": [
					{
						"key": "Accept",
						"value": "application/json",
						"type": "text"
					}
				],
				"url": {
					"raw": "{{url}}/delete-my-account",
					"host": [
						"{{url}}"
					],
					"path": [
						"delete-my-account"
					]
				}
			},
			"response": []
		}
	]
}